Hasil Kasar,Tahun,Fertilizer_N,Fertilizer_P,Fertilizer_K,NDVI_BOHOR,TMIN_All,TMAX_All,TBase_All,TotalGDD,GDD_Cummulative,RAIN1,TotalSRAD,SRAD_Commulative,SOIL_pH,SOIL_CEC (meq/100),SOIL_OC,Predicted Hasil (experimental)
4.04,2019,104.3,42,62,0.446568,0.712625,0.491349,0.489583,0.717148,0.707384,0.5198,0.705817,0.649758,0.5102394,0.25,0,0.770159
5.01,2019,104.3,42,62,0.443118,0.267558,0.587905,0.489583,0.373165,0.29593,0.275753,0.694362,0.509678,0.5102394,0.25,0,0.263213
6.36,2019,104.3,42,62,0.691032,0.676696,0.392483,0.489583,0.65101,0.611746,0.785513,0.605964,0.561099,0.5102394,0.25,0,0.55214
6.3,2019,104.3,42,62,0.412018,0.34973,0.272366,0.489583,0.312968,0.33715,0.841759,0.164402,0.258278,0.5102394,0.25,0,0.332005
5.34,2019,104.3,42,62,0.10548,0.68873,0.536624,0.489583,0.710738,0.724324,0.583338,0.703008,0.700143,0.5102394,0.25,0,0.678083
4.71,2019,104.3,42,62,0.712671,0.368468,0.439144,0.489583,0.386455,0.349311,0.52605,0.3546,0.303785,0.5102394,0.25,0,0.359522
4.96,2019,104.3,42,62,0.231429,0.695262,0.477951,0.489583,0.696822,0.684523,0.605212,0.599047,0.61131,0.5102394,0.25,0,0.69925
6.68,2019,104.3,42,62,0.738139,0.365889,0.27098,0.489583,0.299053,0.328704,0.809886,0.210871,0.238998,0.5102394,0.25,0,0.426198
5.21,2019,104.3,42,62,0.67254,0.742709,0.489963,0.489583,0.744042,0.735726,0.774784,0.621741,0.682355,0.5102394,0.25,0,0.572249
5.03,2019,104.3,42,62,0.574622,0.42279,1,0.489583,0.62568,0.477257,0.268462,0.752286,0.444248,0.5102394,0.25,0,0.280146
5.09,2019,104.3,42,62,0.641617,0.732222,0.463168,0.489583,0.725435,0.719347,0.718538,0.393504,0.544615,0.5102394,0.25,0,0.726767
4.71629,2019,104.3,42,62,0.65308,0.594982,0.88837,0.504741,0.75262,0.633469,0.433504,0.743954,0.582488,0.494959,0.75,0,0.389067
5.27551,2019,104.3,42,62,0.845679,0.55969,0.767098,0.593476,0.677292,0.567112,0.446507,0.726459,0.570065,0.4061122,0.5,0,0.435861
6.88522,2019,104.3,42,62,0.465482,0.468477,0.50815,0.376885,0.496084,0.461932,0.663437,0.55832,0.458242,0.6227158,0.25,0,0.421344
4.54507,2019,104.3,42,62,0.495939,0.730619,0.228073,0.551857,0.641473,0.693916,0.76499,0.328938,0.547359,0.4481727,0.5,0,0.852504
5.41611,2019,104.3,42,62,0.619556,0.319177,0.645043,0.57592,0.419653,0.334412,0.504425,0.437147,0.293167,0.4240706,0,0,0.25374
4.36323,2019,104.3,42,62,0.983438,0.325995,0.754097,0.102061,0.467034,0.318871,0.285136,0.590046,0.346993,0.8976055,0.25,0,0.216493
5.50754,2019,104.3,42,62,0.259288,1,0.563954,0.335354,1,1,0.684301,0.991714,1,0.6643037,0.25,0,0.894177
6.6245,2019,104.3,42,62,0.96524,0.286845,0.423579,0.624275,0.308903,0.262036,0.788113,0.188917,0.192612,0.3755514,0.5,0,0.159961
5.14768,2019,104.3,42,62,0.425075,0.888289,0.455153,0.479023,0.84812,0.881323,0.719272,0.518869,0.668435,0.521109,0,0,0.951727
4.39605,2020,104.3,42,62,0.613498,0.643585,0.493027,0.464338,0.648211,0.645194,0.645771,0.537907,0.544986,0.5354442,0.5,0,0.587339
5.23892,2020,104.3,42,62,0.526585,0.543734,0.539366,0.209758,0.583284,0.570094,0.574326,0.458846,0.52332,0.7896975,1,0,0.523698
5.76315,2020,104.3,42,62,0.904317,0.647088,0.500405,0.607712,0.645066,0.604862,0.77857,0.438499,0.437401,0.3922495,0,0,0.5252
5.30831,2020,104.3,42,62,0.473067,0.70142,0.458732,0.546619,0.709198,0.683847,0.653687,0.718707,0.698951,0.4528986,0.5,0,0.5944
6.82446,2020,104.3,42,62,0.654615,0.220299,0.317783,0.767328,0.203451,0.18855,0.673374,0.273285,0.218171,0.2328292,0,0,0.262011
6.31124,2020,104.3,42,62,0.65305,0.679591,0.440352,0.142252,0.667089,0.646011,0.828153,0.604189,0.604854,0.8569628,0.25,0,0.502664
5.3102,2020,104.3,42,62,0.672564,0.78247,0.585597,0.307746,0.787184,0.76819,0.698241,0.509129,0.53015,0.6918715,0.5,0,0.780947
5.99332,2020,104.3,42,62,0.707774,0.670042,0,0.435548,0.507983,0.595648,1,0.228669,0.501206,0.5637996,0.75,0,0.738955
5.88586,2020,104.3,42,62,0.818834,0.64791,0.40074,0.423787,0.615912,0.634485,0.924942,0.265471,0.43527,0.5759294,0.5,0,0.566478
4.65011,2020,104.3,42,62,1,0.519824,0.763622,0.574828,0.63581,0.507557,0.468502,0.620358,0.434907,0.4251733,0.25,0,0.301152
4.72714,2020,104.3,42,62,0.356267,0.227598,0.377459,0.619372,0.272069,0.236428,0.324821,0.562092,0.468819,0.3804348,0.75,0,0.299143
4.75926,2020,104.3,42,62,0.715719,0.631122,0.428265,0.374637,0.615239,0.604939,0.622099,0.565506,0.553602,0.6247637,0.75,0,0.630814
5.16232,2020,104.3,42,62,0.39607,0.323015,0.424454,1,0.350367,0.325493,0.451215,0.548018,0.425798,0,0.75,0,0.352316
5.23551,2020,104.3,42,62,0.785456,0.497658,0.568232,0.422275,0.542589,0.484381,0.580158,0.448084,0.393962,0.5775047,0.5,0,0.412536
5.34973,2020,104.3,42,62,0.390789,0.473185,0.644069,0.694983,0.539757,0.494716,0.520711,0.478597,0.385024,0.3049779,0.75,0,0.443995
5.27432,2020,104.3,42,62,0.624204,0.472428,0.252282,0.686274,0.407786,0.442129,0.79797,0.197231,0.296793,0.313327,0.5,0,0.526103
6.14813,2020,104.3,42,62,0.315018,0.635111,0.362638,0.635421,0.603114,0.625815,0.799192,0.479483,0.569364,0.3643667,0.5,0,0.589184
5.44353,2020,104.3,42,62,0.83596,0.320903,0.438835,0.324939,0.329926,0.309786,0.658294,0.404028,0.295328,0.6745432,0.25,0,0.251104
6.11528,2020,104.3,42,62,0.786432,0,0.310805,0.441683,0,0,0.67597,0,0,0.5582861,0.25,0,0.0409877
5.07746,2021,104.3,42,62,0.650866,0.661876,0.687548,0.48603,0.741311,0.635815,0.471012,0.815093,0.613661,0.5137051,0.5,0,0.517016
4.6934,2021,104.3,42,62,0.54683,0.548884,0.631744,0.470066,0.592415,0.566925,0.472991,0.53565,0.421783,0.5294581,0.5,0,0.619558
5.51079,2021,104.3,42,62,0.419889,0.294148,0.868146,0.191906,0.443508,0.353608,0.31454,0.648525,0.332207,0.8073409,0.5,0,0.260555
5.71474,2021,104.3,42,62,0.611027,0.784945,0.491186,0.630913,0.776448,0.770741,0.751172,0.687051,0.711057,0.3689351,0.75,0,0.679991
5.44155,2021,104.3,42,62,0.832092,0.40289,0.345288,0.666319,0.374224,0.37389,0.748407,0.211746,0.264347,0.3336484,0.5,0,0.404025
6.76808,2021,104.3,42,62,0.426678,0.492581,0.50345,0.759613,0.510526,0.495345,0.670349,0.477432,0.459779,0.2402331,0.5,0,0.443713
6.1366,2021,104.3,42,62,0.421038,0.375669,0.684298,0.701073,0.470695,0.400043,0.507594,0.585195,0.401774,0.2985192,0.75,0,0.277659
3.64584,2021,104.3,42,62,0.321514,0.386418,0.874144,0.554471,0.574393,0.454114,0.0966163,0.811575,0.549534,0.4456522,0,0,0.37749
5.79394,2021,104.3,42,62,0.541711,0.376265,0.415944,0.328309,0.377793,0.385318,0.705685,0.26604,0.300386,0.671235,0.25,0,0.385751
5.28824,2021,104.3,42,62,0.649808,0.744743,0.148848,0.419979,0.6205,0.68657,0.919967,0.355923,0.53884,0.5795526,0.75,0,0.783752
5.39667,2021,104.3,42,62,0.288429,0.416799,0.403363,0.552358,0.427474,0.42002,0.540044,0.625557,0.553164,0.4472275,0.5,0,0.389083
4.59317,2021,104.3,42,62,0.523282,0.604613,0.760329,0.323795,0.713815,0.613012,0.436104,0.619915,0.492753,0.6756459,0.75,0,0.487821
4.45126,2021,104.3,42,62,0.308567,0.284575,0.807805,0.249059,0.44475,0.331376,0.0613916,0.849491,0.485295,0.7503151,0.5,0,0.296652
5.91518,2021,104.3,42,62,0.350167,0.747698,0.496161,0.516887,0.729361,0.742455,0.848903,0.404731,0.509822,0.4826717,1,0,0.65497
4.60036,2021,104.3,42,62,0.669423,0.660263,0.544394,0.64215,0.703883,0.646455,0.504139,0.602458,0.626375,0.357908,0,0,0.591303
5.09039,2022,104.3,42,62,0.430389,0.485845,0.371512,0.682852,0.487408,0.4766,0.483988,0.722939,0.642748,0.3169502,0.75,0,0.479065
5.91918,2022,104.3,42,62,0.789158,0.216527,0.889348,0.162567,0.401538,0.250641,0.37311,0.619752,0.293557,0.8371141,0,0,0
5.03349,2022,104.3,42,62,0.0852444,0.724574,0.655977,0.693342,0.787748,0.771215,0.487821,0.782894,0.741765,0.3062382,0.75,0,0.731205
5.17247,2022,104.3,42,62,0.536626,0.383166,0.616703,0.351881,0.479784,0.396423,0.389387,0.836557,0.593295,0.647448,0.75,0,0.250376
5.46574,2022,104.3,42,62,0.396715,0.105897,0.670246,0.462789,0.232216,0.157673,0.283813,0.499969,0.248194,0.5370195,0.5,0,0.160649
5.19126,2022,104.3,42,62,0.66505,0.617807,0.876758,0.138429,0.775495,0.646541,0.340128,1,0.73875,0.8612161,0.25,0,0.392173
6.26021,2022,104.3,42,62,0.814397,0.392899,0.470161,0.359492,0.40447,0.390238,0.768694,0.25972,0.280489,0.6403592,0,0,0.324772
5.17282,2022,104.3,42,62,0.406635,0.405879,0.531825,0.5728,0.447274,0.417085,0.434035,0.631248,0.470336,0.4273787,0,0,0.440447
4.57323,2022,104.3,42,62,0.154105,0.45964,0.408255,0.525313,0.459763,0.468284,0.471397,0.507922,0.441431,0.4740076,0.75,0,0.598511
3.72719,2022,104.3,42,62,0.567913,0.884146,0.739068,0.322142,0.959806,0.890864,0.54228,0.772622,0.742677,0.6773787,0.5,0,0.685634
6.56491,2022,104.3,42,62,0.646641,0.404318,0.274742,0.275221,0.355681,0.374669,0.755342,0.281166,0.347805,0.7244802,0.5,0,0.449885
4.28392,2022,104.3,42,62,0.0955938,0.524417,0.722689,0.470017,0.631681,0.574552,0.314605,0.752278,0.581752,0.5296156,0.5,0,0.52587
5.27883,2022,104.3,42,62,0.401274,0.674182,0.571452,0.415779,0.714426,0.674779,0.608355,0.719716,0.649166,0.5838059,0.5,0,0.58146
4.56364,2022,104.3,42,62,0,0.831799,0.527906,0.256212,0.851812,0.828872,0.525658,0.874238,0.805739,0.7430687,0.75,0,0.819817
4.91533,2022,104.3,42,62,0.00916418,0.789048,0.437253,0.176132,0.772661,0.7928,0.586678,0.784313,0.773546,0.8234089,0.5,0,0.825379
5.08269,2022,104.3,42,62,0.347686,0.563123,0.29469,0.502335,0.510179,0.542484,0.621876,0.394324,0.481567,0.4974795,0.25,0,0.687591
6.14779,2022,104.3,42,62,0.912317,0.440624,0.487201,0.304443,0.456075,0.409868,0.672329,0.447784,0.3711,0.6953371,0,0,0.337995
5.43332,2022,104.3,42,62,0.664325,0.792665,0.455917,0.404823,0.769845,0.744991,0.750684,0.631181,0.629292,0.5951481,0.25,0,0.678164
5.62952,2022,104.3,42,62,0.445321,0.529064,0.32589,0.499017,0.486284,0.528653,0.74409,0.386494,0.472591,0.5004726,0.75,0,0.559207
4.99434,2022,104.3,42,62,0.689631,0.431268,0.700245,0.520237,0.542222,0.451745,0.468888,0.572696,0.4379,0.4796786,0.75,0,0.33319
6.07627,2022,104.3,42,62,0.586511,0.552978,0.401062,0,0.543287,0.500046,0.715322,0.504067,0.455583,1,0,0,0.472928
5.51454,2022,104.3,42,62,0.129761,0.277654,0.239495,0.363105,0.23812,0.265072,0.552205,0.448818,0.387431,0.6365784,0.25,0,0.395119
5.78474,2022,104.3,42,62,0.383901,0.504832,0.654721,0.340193,0.591072,0.525907,0.474698,0.771292,0.600051,0.6594203,0.25,0,0.442933
5.7723,2023,104.3,42,62,0.290029,0.553656,0.217148,0.375599,0.477545,0.524806,0.781419,0.305809,0.441681,0.6239761,0.25,0,0.630308
4.13629,2023,104.3,42,62,0.388858,0.394437,0.523193,0.706172,0.439225,0.420086,0.436264,0.549402,0.450173,0.2939509,0.5,0,0.437574
3.16314,2023,104.3,42,62,0.309357,0.635048,0.773454,0.361136,0.737125,0.694068,0.294618,0.623644,0.558303,0.6379962,1,0,0.704704
6.05164,2023,104.3,42,62,0.519329,0.594854,0.456073,0.640877,0.580452,0.561162,0.755659,0.382388,0.37224,0.3583806,1,0,0.584586
7.14868,2023,104.3,42,62,0.43992,0.618299,0.271431,0.735603,0.529587,0.574159,0.979373,0.197274,0.365539,0.2644928,0.25,0,0.619377
6.81259,2023,104.3,42,62,0.712146,0.362505,0.294901,0.864495,0.331326,0.32088,0.778251,0.303584,0.311527,0.1354757,0.5,0,0.349555
4.89452,2023,104.3,42,62,0.227333,0.875715,0.520958,0.362871,0.885591,0.878854,0.685968,0.787288,0.819788,0.6368935,0,0,0.799552
6.27772,2023,104.3,42,62,0.592439,0.674167,0.497636,0.19243,0.680063,0.651934,0.759647,0.560774,0.57431,0.8068683,0.25,0,0.537017
6.2645,2023,104.3,42,62,0.69076,0.625943,0.408981,0.157063,0.607484,0.592276,0.854245,0.375686,0.48027,0.8424701,0.25,0,0.477284
6.85033,2023,104.3,42,62,0.70876,0.56733,0.328053,0.516061,0.506483,0.511823,0.838637,0.413984,0.42603,0.4840895,0.5,0,0.542635
5.38208,2023,104.3,42,62,0.607961,0.876208,0.250322,0.444401,0.768575,0.812441,0.823449,0.529443,0.662906,0.5554505,0.5,0,0.922279
5.2681,2023,104.3,42,62,0.549445,0.652472,0.41232,0.482486,0.628214,0.623285,0.643436,0.551883,0.54885,0.5171708,0.75,0,0.651214
5.10489,2023,104.3,42,62,0.639683,0.516854,0.771382,0.50936,0.646277,0.557899,0.408183,0.624923,0.557082,0.4902331,0.75,0,0.410765
5.66406,2023,104.3,42,62,0.459636,0.554315,0.24501,0.535762,0.495125,0.5365,0.757893,0.523316,0.592694,0.4637681,0.5,0,0.545859
5.93539,2023,104.3,42,62,0.772174,0.417709,0.468692,0.626177,0.431722,0.397157,0.605855,0.469854,0.374418,0.373661,0.5,0,0.423973
3.88068,2023,104.3,42,62,0.514606,0.416919,0.904351,0.838186,0.619247,0.487542,0,0.948909,0.691354,0.1614682,0.75,0,0.439183
5.00186,2023,104.3,42,62,0.421172,0.457555,0.663953,0.113464,0.560011,0.486883,0.429267,0.624878,0.514539,0.8861059,0,0,0.394425
4.77618,2023,104.3,42,62,0.345118,0.418081,0.610581,0.423604,0.504018,0.427076,0.400909,0.593787,0.447039,0.576087,0.5,0,0.406128
6.83496,2024,104.3,42,62,0.993604,0.376412,0.408863,0.60458,0.363896,0.32453,0.803703,0.386016,0.272829,0.3950851,0.5,0,0.297251
6.2734,2024,104.3,42,62,0.693465,0.75817,0.172097,0.443952,0.622874,0.682208,0.972669,0.372773,0.517074,0.5560807,0.25,0,0.745286
5.11101,2024,104.3,42,62,0.526447,0.957092,0.275097,0.61092,0.844954,0.901253,0.914837,0.408646,0.629156,0.3890989,0.25,0,1
5.63366,2024,104.3,42,62,0.174624,0.314209,0.649289,0.513511,0.440463,0.351325,0.327509,0.838388,0.581503,0.4861374,0.5,0,0.197928
4.90367,2024,104.3,42,62,0.479966,0.734412,0.687399,0.306927,0.803307,0.759066,0.62519,0.599455,0.634191,0.6926591,0.5,0,0.5806
